date,family,method,ticker,weight
2023-12-01,Combined,Equal Weight,ABBV,0.016666666666666666
2023-12-01,Combined,Equal Weight,ABT,0.016666666666666666
2023-12-01,Combined,Equal Weight,ADBE,0.016666666666666666
2023-12-01,Combined,Equal Weight,AEP,0.016666666666666666
2023-12-01,Combined,Equal Weight,AMD,0.016666666666666666
2023-12-01,Combined,Equal Weight,AMGN,0.016666666666666666
2023-12-01,Combined,Equal Weight,AMT,0.016666666666666666
2023-12-01,Combined,Equal Weight,BA,0.016666666666666666
2023-12-01,Combined,Equal Weight,CAT,0.016666666666666666
2023-12-01,Combined,Equal Weight,CCI,0.016666666666666666
2023-12-01,Combined,Equal Weight,CMCSA,0.016666666666666666
2023-12-01,Combined,Equal Weight,COP,0.016666666666666666
2023-12-01,Combined,Equal Weight,CVX,0.016666666666666666
2023-12-01,Combined,Equal Weight,D,0.016666666666666666
2023-12-01,Combined,Equal Weight,DD,0.016666666666666666
2023-12-01,Combined,Equal Weight,DIS,0.016666666666666666
2023-12-01,Combined,Equal Weight,DOW,0.016666666666666666
2023-12-01,Combined,Equal Weight,DUK,0.016666666666666666
2023-12-01,Combined,Equal Weight,EA,0.016666666666666666
2023-12-01,Combined,Equal Weight,GE,0.016666666666666666
2023-12-01,Combined,Equal Weight,GILD,0.016666666666666666
2023-12-01,Combined,Equal Weight,GS,0.016666666666666666
2023-12-01,Combined,Equal Weight,INTC,0.016666666666666666
2023-12-01,Combined,Equal Weight,KO,0.016666666666666666
2023-12-01,Combined,Equal Weight,MMM,0.016666666666666666
2023-12-01,Combined,Equal Weight,MRK,0.016666666666666666
2023-12-01,Combined,Equal Weight,MS,0.016666666666666666
2023-12-01,Combined,Equal Weight,NEE,0.016666666666666666
2023-12-01,Combined,Equal Weight,NEM,0.016666666666666666
2023-12-01,Combined,Equal Weight,NKE,0.016666666666666666
2023-12-01,Combined,Equal Weight,NUE,0.016666666666666666
2023-12-01,Combined,Equal Weight,NVDA,0.016666666666666666
2023-12-01,Combined,Equal Weight,O,0.016666666666666666
2023-12-01,Combined,Equal Weight,OXY,0.016666666666666666
2023-12-01,Combined,Equal Weight,PLD,0.016666666666666666
2023-12-01,Combined,Equal Weight,PSA,0.016666666666666666
2023-12-01,Combined,Equal Weight,QCOM,0.016666666666666666
2023-12-01,Combined,Equal Weight,SBUX,0.016666666666666666
2023-12-01,Combined,Equal Weight,SHW,0.016666666666666666
2023-12-01,Combined,Equal Weight,SLB,0.016666666666666666
2023-12-01,Combined,Equal Weight,SO,0.016666666666666666
2023-12-01,Combined,Equal Weight,T,0.016666666666666666
2023-12-01,Combined,Equal Weight,TMUS,0.016666666666666666
2023-12-01,Combined,Equal Weight,TTWO,0.016666666666666666
2023-12-01,Combined,Equal Weight,UPS,0.016666666666666666
2023-12-01,Combined,Equal Weight,USB,0.016666666666666666
2023-12-01,Combined,Equal Weight,V,0.016666666666666666
2023-12-01,Combined,Equal Weight,WFC,0.016666666666666666
2023-12-01,Combined,Equal Weight,WMT,0.016666666666666666
2023-12-01,Combined,Equal Weight,XOM,0.016666666666666666
2023-12-01,Combined,Equal Weight,ADA-USD,0.016666666666666666
2023-12-01,Combined,Equal Weight,BCH-USD,0.016666666666666666
2023-12-01,Combined,Equal Weight,BTC-USD,0.016666666666666666
2023-12-01,Combined,Equal Weight,EOS-USD,0.016666666666666666
2023-12-01,Combined,Equal Weight,ETC-USD,0.016666666666666666
2023-12-01,Combined,Equal Weight,ETH-USD,0.016666666666666666
2023-12-01,Combined,Equal Weight,LTC-USD,0.016666666666666666
2023-12-01,Combined,Equal Weight,TRX-USD,0.016666666666666666
2023-12-01,Combined,Equal Weight,XLM-USD,0.016666666666666666
2023-12-01,Combined,Equal Weight,XRP-USD,0.016666666666666666
2023-12-01,Combined,Maximum Sharpe,GE,0.24999999999994513
2023-12-01,Combined,Maximum Sharpe,NVDA,0.2009355869752135
2023-12-01,Combined,Maximum Sharpe,SO,0.16858860267855055
2023-12-01,Combined,Maximum Sharpe,ADBE,0.1032433498729654
2023-12-01,Combined,Maximum Sharpe,BTC-USD,0.10290427858768154
2023-12-01,Combined,Maximum Sharpe,INTC,0.06393496364708572
2023-12-01,Combined,Maximum Sharpe,TTWO,0.05767832029797259
2023-12-01,Combined,Maximum Sharpe,BCH-USD,0.0527148979404286
2023-12-01,Combined,Maximum Sharpe,ABBV,1.0476944083706251e-14
2023-12-01,Combined,Maximum Sharpe,TMUS,1.0091118503643285e-14
2023-12-01,Combined,Maximum Sharpe,DUK,9.163785444470726e-15
2023-12-01,Combined,Maximum Sharpe,T,8.739473135898506e-15
2023-12-01,Combined,Maximum Sharpe,MRK,8.488630689476143e-15
2023-12-01,Combined,Maximum Sharpe,WMT,8.241179936060405e-15
2023-12-01,Combined,Maximum Sharpe,XOM,8.196474159283802e-15
2023-12-01,Combined,Maximum Sharpe,SLB,8.161923582344286e-15
2023-12-01,Combined,Maximum Sharpe,BA,8.091161210071784e-15
2023-12-01,Combined,Maximum Sharpe,AMGN,7.979432228738435e-15
2023-12-01,Combined,Maximum Sharpe,ABT,7.713082383926405e-15
2023-12-01,Combined,Maximum Sharpe,KO,7.400195810748346e-15
2023-12-01,Combined,Maximum Sharpe,COP,7.317207604497681e-15
2023-12-01,Combined,Maximum Sharpe,V,7.026373075329204e-15
2023-12-01,Combined,Maximum Sharpe,GILD,6.51481651534148e-15
2023-12-01,Combined,Maximum Sharpe,EA,5.673600961926547e-15
2023-12-01,Combined,Maximum Sharpe,TRX-USD,4.148630636895956e-15
2023-12-01,Combined,Maximum Sharpe,CMCSA,3.9621920504290096e-15
2023-12-01,Combined,Maximum Sharpe,AEP,3.543012527739281e-15
2023-12-01,Combined,Maximum Sharpe,XRP-USD,3.1372369186370584e-15
2023-12-01,Combined,Maximum Sharpe,O,3.091210158618243e-15
2023-12-01,Combined,Maximum Sharpe,CVX,2.3764276204170142e-15
2023-12-01,Combined,Maximum Sharpe,DOW,2.2842412894967316e-15
2023-12-01,Combined,Maximum Sharpe,NEM,1.7114974168276079e-15
2023-12-01,Combined,Maximum Sharpe,AMT,1.3363314387669216e-15
2023-12-01,Combined,Maximum Sharpe,D,1.2934046478171324e-15
2023-12-01,Combined,Maximum Sharpe,SBUX,6.822154506144749e-16
2023-12-01,Combined,Maximum Sharpe,SHW,3.3445929858890104e-16
2023-12-01,Combined,Maximum Sharpe,AMD,0.0
2023-12-01,Combined,Maximum Sharpe,CAT,0.0
2023-12-01,Combined,Maximum Sharpe,CCI,0.0
2023-12-01,Combined,Maximum Sharpe,DD,0.0
2023-12-01,Combined,Maximum Sharpe,DIS,0.0
2023-12-01,Combined,Maximum Sharpe,GS,0.0
2023-12-01,Combined,Maximum Sharpe,MMM,0.0
2023-12-01,Combined,Maximum Sharpe,MS,0.0
2023-12-01,Combined,Maximum Sharpe,NEE,0.0
2023-12-01,Combined,Maximum Sharpe,NKE,0.0
2023-12-01,Combined,Maximum Sharpe,NUE,0.0
2023-12-01,Combined,Maximum Sharpe,OXY,0.0
2023-12-01,Combined,Maximum Sharpe,PLD,0.0
2023-12-01,Combined,Maximum Sharpe,PSA,0.0
2023-12-01,Combined,Maximum Sharpe,QCOM,0.0
2023-12-01,Combined,Maximum Sharpe,UPS,0.0
2023-12-01,Combined,Maximum Sharpe,USB,0.0
2023-12-01,Combined,Maximum Sharpe,WFC,0.0
2023-12-01,Combined,Maximum Sharpe,ADA-USD,0.0
2023-12-01,Combined,Maximum Sharpe,EOS-USD,0.0
2023-12-01,Combined,Maximum Sharpe,ETC-USD,0.0
2023-12-01,Combined,Maximum Sharpe,ETH-USD,0.0
2023-12-01,Combined,Maximum Sharpe,LTC-USD,0.0
2023-12-01,Combined,Maximum Sharpe,XLM-USD,0.0
2023-12-01,Combined,Minimum Variance,KO,0.18487311722610825
2023-12-01,Combined,Minimum Variance,WMT,0.17058359292870393
2023-12-01,Combined,Minimum Variance,MRK,0.10219386052502305
2023-12-01,Combined,Minimum Variance,ABBV,0.08932678198547746
2023-12-01,Combined,Minimum Variance,O,0.08476042072594836
2023-12-01,Combined,Minimum Variance,V,0.07290799906377965
2023-12-01,Combined,Minimum Variance,TMUS,0.0653076278637666
2023-12-01,Combined,Minimum Variance,EA,0.04055817288173879
2023-12-01,Combined,Minimum Variance,T,0.034743148940507264
2023-12-01,Combined,Minimum Variance,CVX,0.028202176874254047
2023-12-01,Combined,Minimum Variance,OXY,0.02539204679880084
2023-12-01,Combined,Minimum Variance,ABT,0.017649891533477353
2023-12-01,Combined,Minimum Variance,GE,0.013314469679993031
2023-12-01,Combined,Minimum Variance,TRX-USD,0.01264662959380342
2023-12-01,Combined,Minimum Variance,BTC-USD,0.012026710803258803
2023-12-01,Combined,Minimum Variance,NVDA,0.011448212582368613
2023-12-01,Combined,Minimum Variance,NEM,0.009120863844654365
2023-12-01,Combined,Minimum Variance,AMGN,0.008897477331049461
2023-12-01,Combined,Minimum Variance,AMD,0.007402359160614501
2023-12-01,Combined,Minimum Variance,DD,0.0035718071553078254
2023-12-01,Combined,Minimum Variance,INTC,0.0030024011562411776
2023-12-01,Combined,Minimum Variance,DUK,0.0020702313451230704
2023-12-01,Combined,Minimum Variance,AEP,9.977047035986411e-18
2023-12-01,Combined,Minimum Variance,USB,9.062420830062628e-18
2023-12-01,Combined,Minimum Variance,NKE,5.0640788423724156e-18
2023-12-01,Combined,Minimum Variance,CMCSA,4.835177104537943e-18
2023-12-01,Combined,Minimum Variance,UPS,3.486582122770178e-18
2023-12-01,Combined,Minimum Variance,NEE,3.2145213261155137e-18
2023-12-01,Combined,Minimum Variance,ETH-USD,3.014745329606941e-18
2023-12-01,Combined,Minimum Variance,ADBE,2.794366507110041e-18
2023-12-01,Combined,Minimum Variance,PSA,2.2712981789437254e-18
2023-12-01,Combined,Minimum Variance,ADA-USD,1.861402198320943e-18
2023-12-01,Combined,Minimum Variance,XOM,1.7799601239295972e-18
2023-12-01,Combined,Minimum Variance,ETC-USD,1.5788765343961039e-18
2023-12-01,Combined,Minimum Variance,AMT,7.161504611574304e-19
2023-12-01,Combined,Minimum Variance,MS,4.804705813082575e-19
2023-12-01,Combined,Minimum Variance,LTC-USD,4.1945638161708264e-19
2023-12-01,Combined,Minimum Variance,COP,2.881909942368671e-19
2023-12-01,Combined,Minimum Variance,SBUX,2.304439215330227e-19
2023-12-01,Combined,Minimum Variance,BCH-USD,5.0881416097071546e-20
2023-12-01,Combined,Minimum Variance,BA,0.0
2023-12-01,Combined,Minimum Variance,CAT,0.0
2023-12-01,Combined,Minimum Variance,CCI,0.0
2023-12-01,Combined,Minimum Variance,D,0.0
2023-12-01,Combined,Minimum Variance,DIS,0.0
2023-12-01,Combined,Minimum Variance,DOW,0.0
2023-12-01,Combined,Minimum Variance,GILD,0.0
2023-12-01,Combined,Minimum Variance,GS,0.0
2023-12-01,Combined,Minimum Variance,MMM,0.0
2023-12-01,Combined,Minimum Variance,NUE,0.0
2023-12-01,Combined,Minimum Variance,PLD,0.0
2023-12-01,Combined,Minimum Variance,QCOM,0.0
2023-12-01,Combined,Minimum Variance,SHW,0.0
2023-12-01,Combined,Minimum Variance,SLB,0.0
2023-12-01,Combined,Minimum Variance,SO,0.0
2023-12-01,Combined,Minimum Variance,TTWO,0.0
2023-12-01,Combined,Minimum Variance,WFC,0.0
2023-12-01,Combined,Minimum Variance,EOS-USD,0.0
2023-12-01,Combined,Minimum Variance,XLM-USD,0.0
2023-12-01,Combined,Minimum Variance,XRP-USD,0.0
2023-12-01,Combined,Risk Parity,MRK,0.03805792752684922
2023-12-01,Combined,Risk Parity,ABBV,0.03742968849157746
2023-12-01,Combined,Risk Parity,WMT,0.03369201501377738
2023-12-01,Combined,Risk Parity,KO,0.03193526206361143
2023-12-01,Combined,Risk Parity,TMUS,0.03167409388105579
2023-12-01,Combined,Risk Parity,AMGN,0.025198589448049567
2023-12-01,Combined,Risk Parity,GILD,0.023766117705482682
2023-12-01,Combined,Risk Parity,DUK,0.023523297289209422
2023-12-01,Combined,Risk Parity,ABT,0.022886664193777637
2023-12-01,Combined,Risk Parity,T,0.022194359797975346
2023-12-01,Combined,Risk Parity,SO,0.021669248231143617
2023-12-01,Combined,Risk Parity,EA,0.021439768532187407
2023-12-01,Combined,Risk Parity,O,0.02104384989040103
2023-12-01,Combined,Risk Parity,V,0.020950170919039213
2023-12-01,Combined,Risk Parity,AEP,0.019830234965003114
2023-12-01,Combined,Risk Parity,CVX,0.01915503460423256
2023-12-01,Combined,Risk Parity,XOM,0.018778725296233843
2023-12-01,Combined,Risk Parity,D,0.01827650074584084
2023-12-01,Combined,Risk Parity,PSA,0.017961698194701368
2023-12-01,Combined,Risk Parity,NEM,0.017776506208142147
2023-12-01,Combined,Risk Parity,GE,0.01735123652863097
2023-12-01,Combined,Risk Parity,NEE,0.017162804390768612
2023-12-01,Combined,Risk Parity,CMCSA,0.016775012992211808
2023-12-01,Combined,Risk Parity,SBUX,0.016309870284505406
2023-12-01,Combined,Risk Parity,OXY,0.01620436659588296
2023-12-01,Combined,Risk Parity,COP,0.015483721055947424
2023-12-01,Combined,Risk Parity,DOW,0.015264762774120892
2023-12-01,Combined,Risk Parity,UPS,0.015174782577657404
2023-12-01,Combined,Risk Parity,GS,0.015137287242656413
2023-12-01,Combined,Risk Parity,TTWO,0.014944249950401677
2023-12-01,Combined,Risk Parity,SHW,0.01479119730525816
2023-12-01,Combined,Risk Parity,DD,0.01450915849757333
2023-12-01,Combined,Risk Parity,CCI,0.014354277364141731
2023-12-01,Combined,Risk Parity,WFC,0.01418250327690618
2023-12-01,Combined,Risk Parity,AMT,0.014170876433771105
2023-12-01,Combined,Risk Parity,SLB,0.01407986441399315
2023-12-01,Combined,Risk Parity,BA,0.014061438084294714
2023-12-01,Combined,Risk Parity,CAT,0.014025706162921956
2023-12-01,Combined,Risk Parity,DIS,0.0137082630084669
2023-12-01,Combined,Risk Parity,MS,0.013595930026093753
2023-12-01,Combined,Risk Parity,NKE,0.013539981377315498
2023-12-01,Combined,Risk Parity,INTC,0.01312482524567886
2023-12-01,Combined,Risk Parity,TRX-USD,0.013023185290948805
2023-12-01,Combined,Risk Parity,MMM,0.012930061700715553
2023-12-01,Combined,Risk Parity,ADBE,0.012584855328806845
2023-12-01,Combined,Risk Parity,BTC-USD,0.012466226938871765
2023-12-01,Combined,Risk Parity,AMD,0.012397871879016729
2023-12-01,Combined,Risk Parity,PLD,0.01235776420631048
2023-12-01,Combined,Risk Parity,NVDA,0.011883885960411133
2023-12-01,Combined,Risk Parity,NUE,0.011508263938465987
2023-12-01,Combined,Risk Parity,QCOM,0.011102004184015832
2023-12-01,Combined,Risk Parity,ETH-USD,0.010935222048695955
2023-12-01,Combined,Risk Parity,USB,0.009151414015594377
2023-12-01,Combined,Risk Parity,BCH-USD,0.008933192648186983
2023-12-01,Combined,Risk Parity,LTC-USD,0.008537097287845026
2023-12-01,Combined,Risk Parity,EOS-USD,0.008205091055668055
2023-12-01,Combined,Risk Parity,ADA-USD,0.007919472389583982
2023-12-01,Combined,Risk Parity,ETC-USD,0.007108430627765803
2023-12-01,Combined,Risk Parity,XLM-USD,0.0069403785112627835
2023-12-01,Combined,Risk Parity,XRP-USD,0.006823713400344021
2023-12-01,Crypto,Equal Weight,ADA-USD,0.1
2023-12-01,Crypto,Equal Weight,BCH-USD,0.1
2023-12-01,Crypto,Equal Weight,BTC-USD,0.1
2023-12-01,Crypto,Equal Weight,EOS-USD,0.1
2023-12-01,Crypto,Equal Weight,ETC-USD,0.1
2023-12-01,Crypto,Equal Weight,ETH-USD,0.1
2023-12-01,Crypto,Equal Weight,LTC-USD,0.1
2023-12-01,Crypto,Equal Weight,TRX-USD,0.1
2023-12-01,Crypto,Equal Weight,XLM-USD,0.1
2023-12-01,Crypto,Equal Weight,XRP-USD,0.1
2023-12-01,Crypto,Maximum Sharpe,BTC-USD,0.40000000000001446
2023-12-01,Crypto,Maximum Sharpe,TRX-USD,0.40000000000001446
2023-12-01,Crypto,Maximum Sharpe,BCH-USD,0.15478249164637825
2023-12-01,Crypto,Maximum Sharpe,XRP-USD,0.045217508353592846
2023-12-01,Crypto,Maximum Sharpe,ADA-USD,0.0
2023-12-01,Crypto,Maximum Sharpe,EOS-USD,0.0
2023-12-01,Crypto,Maximum Sharpe,ETC-USD,0.0
2023-12-01,Crypto,Maximum Sharpe,ETH-USD,0.0
2023-12-01,Crypto,Maximum Sharpe,LTC-USD,0.0
2023-12-01,Crypto,Maximum Sharpe,XLM-USD,0.0
2023-12-01,Crypto,Minimum Variance,BTC-USD,0.4
2023-12-01,Crypto,Minimum Variance,TRX-USD,0.4
2023-12-01,Crypto,Minimum Variance,ETH-USD,0.19898052145337905
2023-12-01,Crypto,Minimum Variance,XLM-USD,0.0010194785466209576
2023-12-01,Crypto,Minimum Variance,ETC-USD,7.891119126517285e-18
2023-12-01,Crypto,Minimum Variance,ADA-USD,0.0
2023-12-01,Crypto,Minimum Variance,BCH-USD,0.0
2023-12-01,Crypto,Minimum Variance,EOS-USD,0.0
2023-12-01,Crypto,Minimum Variance,LTC-USD,0.0
2023-12-01,Crypto,Minimum Variance,XRP-USD,0.0
2023-12-01,Crypto,Risk Parity,TRX-USD,0.15513633753848188
2023-12-01,Crypto,Risk Parity,BTC-USD,0.13278709671029337
2023-12-01,Crypto,Risk Parity,ETH-USD,0.11667636074514817
2023-12-01,Crypto,Risk Parity,EOS-USD,0.09096151806929031
2023-12-01,Crypto,Risk Parity,BCH-USD,0.0903558737408767
2023-12-01,Crypto,Risk Parity,LTC-USD,0.08940325588484735
2023-12-01,Crypto,Risk Parity,ADA-USD,0.08825323194405278
2023-12-01,Crypto,Risk Parity,ETC-USD,0.08684322623802138
2023-12-01,Crypto,Risk Parity,XLM-USD,0.07668554677356813
2023-12-01,Crypto,Risk Parity,XRP-USD,0.07289755235542003
2023-12-01,Equity,Equal Weight,ABBV,0.02
2023-12-01,Equity,Equal Weight,ABT,0.02
2023-12-01,Equity,Equal Weight,ADBE,0.02
2023-12-01,Equity,Equal Weight,AEP,0.02
2023-12-01,Equity,Equal Weight,AMD,0.02
2023-12-01,Equity,Equal Weight,AMGN,0.02
2023-12-01,Equity,Equal Weight,AMT,0.02
2023-12-01,Equity,Equal Weight,BA,0.02
2023-12-01,Equity,Equal Weight,CAT,0.02
2023-12-01,Equity,Equal Weight,CCI,0.02
2023-12-01,Equity,Equal Weight,CMCSA,0.02
2023-12-01,Equity,Equal Weight,COP,0.02
2023-12-01,Equity,Equal Weight,CVX,0.02
2023-12-01,Equity,Equal Weight,D,0.02
2023-12-01,Equity,Equal Weight,DD,0.02
2023-12-01,Equity,Equal Weight,DIS,0.02
2023-12-01,Equity,Equal Weight,DOW,0.02
2023-12-01,Equity,Equal Weight,DUK,0.02
2023-12-01,Equity,Equal Weight,EA,0.02
2023-12-01,Equity,Equal Weight,GE,0.02
2023-12-01,Equity,Equal Weight,GILD,0.02
2023-12-01,Equity,Equal Weight,GS,0.02
2023-12-01,Equity,Equal Weight,INTC,0.02
2023-12-01,Equity,Equal Weight,KO,0.02
2023-12-01,Equity,Equal Weight,MMM,0.02
2023-12-01,Equity,Equal Weight,MRK,0.02
2023-12-01,Equity,Equal Weight,MS,0.02
2023-12-01,Equity,Equal Weight,NEE,0.02
2023-12-01,Equity,Equal Weight,NEM,0.02
2023-12-01,Equity,Equal Weight,NKE,0.02
2023-12-01,Equity,Equal Weight,NUE,0.02
2023-12-01,Equity,Equal Weight,NVDA,0.02
2023-12-01,Equity,Equal Weight,O,0.02
2023-12-01,Equity,Equal Weight,OXY,0.02
2023-12-01,Equity,Equal Weight,PLD,0.02
2023-12-01,Equity,Equal Weight,PSA,0.02
2023-12-01,Equity,Equal Weight,QCOM,0.02
2023-12-01,Equity,Equal Weight,SBUX,0.02
2023-12-01,Equity,Equal Weight,SHW,0.02
2023-12-01,Equity,Equal Weight,SLB,0.02
2023-12-01,Equity,Equal Weight,SO,0.02
2023-12-01,Equity,Equal Weight,T,0.02
2023-12-01,Equity,Equal Weight,TMUS,0.02
2023-12-01,Equity,Equal Weight,TTWO,0.02
2023-12-01,Equity,Equal Weight,UPS,0.02
2023-12-01,Equity,Equal Weight,USB,0.02
2023-12-01,Equity,Equal Weight,V,0.02
2023-12-01,Equity,Equal Weight,WFC,0.02
2023-12-01,Equity,Equal Weight,WMT,0.02
2023-12-01,Equity,Equal Weight,XOM,0.02
2023-12-01,Equity,Maximum Sharpe,GE,0.24999999999979222
2023-12-01,Equity,Maximum Sharpe,NVDA,0.22553787761320865
2023-12-01,Equity,Maximum Sharpe,SO,0.19719116315013724
2023-12-01,Equity,Maximum Sharpe,ADBE,0.12098263847721714
2023-12-01,Equity,Maximum Sharpe,TTWO,0.10549229811992258
2023-12-01,Equity,Maximum Sharpe,INTC,0.07366752452313668
2023-12-01,Equity,Maximum Sharpe,BA,0.01634465121973317
2023-12-01,Equity,Maximum Sharpe,MRK,0.009655606477522394
2023-12-01,Equity,Maximum Sharpe,TMUS,0.0011282404190216357
2023-12-01,Equity,Maximum Sharpe,WMT,3.45840236498771e-14
2023-12-01,Equity,Maximum Sharpe,AMGN,2.7822318706416056e-14
2023-12-01,Equity,Maximum Sharpe,DUK,2.707430507160613e-14
2023-12-01,Equity,Maximum Sharpe,ABBV,2.6761351025657036e-14
2023-12-01,Equity,Maximum Sharpe,KO,2.6023677604952787e-14
2023-12-01,Equity,Maximum Sharpe,XOM,2.512465293178021e-14
2023-12-01,Equity,Maximum Sharpe,T,2.488571341516902e-14
2023-12-01,Equity,Maximum Sharpe,V,2.320789365817335e-14
2023-12-01,Equity,Maximum Sharpe,GILD,2.0795334432273462e-14
2023-12-01,Equity,Maximum Sharpe,SLB,1.7492823766120083e-14
2023-12-01,Equity,Maximum Sharpe,COP,1.5900215249641136e-14
2023-12-01,Equity,Maximum Sharpe,ABT,1.2274575712268809e-14
2023-12-01,Equity,Maximum Sharpe,DOW,7.06786748842397e-15
2023-12-01,Equity,Maximum Sharpe,CMCSA,5.771352679070808e-15
2023-12-01,Equity,Maximum Sharpe,AEP,3.3080659681343275e-15
2023-12-01,Equity,Maximum Sharpe,AMT,3.2801552664152927e-15
2023-12-01,Equity,Maximum Sharpe,NEM,3.2766407387603203e-15
2023-12-01,Equity,Maximum Sharpe,O,1.934438082668991e-15
2023-12-01,Equity,Maximum Sharpe,CAT,1.4263576674139225e-15
2023-12-01,Equity,Maximum Sharpe,EA,3.361878022319623e-16
2023-12-01,Equity,Maximum Sharpe,AMD,0.0
2023-12-01,Equity,Maximum Sharpe,CCI,0.0
2023-12-01,Equity,Maximum Sharpe,CVX,0.0
2023-12-01,Equity,Maximum Sharpe,D,0.0
2023-12-01,Equity,Maximum Sharpe,DD,0.0
2023-12-01,Equity,Maximum Sharpe,DIS,0.0
2023-12-01,Equity,Maximum Sharpe,GS,0.0
2023-12-01,Equity,Maximum Sharpe,MMM,0.0
2023-12-01,Equity,Maximum Sharpe,MS,0.0
2023-12-01,Equity,Maximum Sharpe,NEE,0.0
2023-12-01,Equity,Maximum Sharpe,NKE,0.0
2023-12-01,Equity,Maximum Sharpe,NUE,0.0
2023-12-01,Equity,Maximum Sharpe,OXY,0.0
2023-12-01,Equity,Maximum Sharpe,PLD,0.0
2023-12-01,Equity,Maximum Sharpe,PSA,0.0
2023-12-01,Equity,Maximum Sharpe,QCOM,0.0
2023-12-01,Equity,Maximum Sharpe,SBUX,0.0
2023-12-01,Equity,Maximum Sharpe,SHW,0.0
2023-12-01,Equity,Maximum Sharpe,UPS,0.0
2023-12-01,Equity,Maximum Sharpe,USB,0.0
2023-12-01,Equity,Maximum Sharpe,WFC,0.0
2023-12-01,Equity,Minimum Variance,KO,0.18794835339579946
2023-12-01,Equity,Minimum Variance,WMT,0.17842670037064146
2023-12-01,Equity,Minimum Variance,MRK,0.10349383570369465
2023-12-01,Equity,Minimum Variance,ABBV,0.08783577749218088
2023-12-01,Equity,Minimum Variance,O,0.08456527363798996
2023-12-01,Equity,Minimum Variance,V,0.07756283390151468
2023-12-01,Equity,Minimum Variance,TMUS,0.06411537577455424
2023-12-01,Equity,Minimum Variance,EA,0.042395160144062395
2023-12-01,Equity,Minimum Variance,T,0.0362882817570217
2023-12-01,Equity,Minimum Variance,OXY,0.027774775983107302
2023-12-01,Equity,Minimum Variance,CVX,0.0251540390288332
2023-12-01,Equity,Minimum Variance,ABT,0.019800514680139228
2023-12-01,Equity,Minimum Variance,NVDA,0.012062172807048497
2023-12-01,Equity,Minimum Variance,GE,0.01172632593705793
2023-12-01,Equity,Minimum Variance,NEM,0.011248156040742937
2023-12-01,Equity,Minimum Variance,AMGN,0.009966436361210305
2023-12-01,Equity,Minimum Variance,AMD,0.008883683086664722
2023-12-01,Equity,Minimum Variance,DD,0.007760215973508925
2023-12-01,Equity,Minimum Variance,INTC,0.002992087924227451
2023-12-01,Equity,Minimum Variance,XOM,4.3731149028724446e-18
2023-12-01,Equity,Minimum Variance,CCI,4.0209058222535736e-18
2023-12-01,Equity,Minimum Variance,SHW,3.545648754031705e-18
2023-12-01,Equity,Minimum Variance,UPS,2.1015398204450745e-18
2023-12-01,Equity,Minimum Variance,DUK,1.6595297222296853e-18
2023-12-01,Equity,Minimum Variance,GS,1.4537637825442256e-18
2023-12-01,Equity,Minimum Variance,CAT,1.1856324279888323e-18
2023-12-01,Equity,Minimum Variance,AEP,1.0462306639141993e-18
2023-12-01,Equity,Minimum Variance,MS,1.0415356226596035e-18
2023-12-01,Equity,Minimum Variance,PSA,9.798321797045179e-19
2023-12-01,Equity,Minimum Variance,QCOM,7.273861477615373e-19
2023-12-01,Equity,Minimum Variance,SLB,4.695590260779771e-19
2023-12-01,Equity,Minimum Variance,ADBE,0.0
2023-12-01,Equity,Minimum Variance,AMT,0.0
2023-12-01,Equity,Minimum Variance,BA,0.0
2023-12-01,Equity,Minimum Variance,CMCSA,0.0
2023-12-01,Equity,Minimum Variance,COP,0.0
2023-12-01,Equity,Minimum Variance,D,0.0
2023-12-01,Equity,Minimum Variance,DIS,0.0
2023-12-01,Equity,Minimum Variance,DOW,0.0
2023-12-01,Equity,Minimum Variance,GILD,0.0
2023-12-01,Equity,Minimum Variance,MMM,0.0
2023-12-01,Equity,Minimum Variance,NEE,0.0
2023-12-01,Equity,Minimum Variance,NKE,0.0
2023-12-01,Equity,Minimum Variance,NUE,0.0
2023-12-01,Equity,Minimum Variance,PLD,0.0
2023-12-01,Equity,Minimum Variance,SBUX,0.0
2023-12-01,Equity,Minimum Variance,SO,0.0
2023-12-01,Equity,Minimum Variance,TTWO,0.0
2023-12-01,Equity,Minimum Variance,USB,0.0
2023-12-01,Equity,Minimum Variance,WFC,0.0
2023-12-01,Equity,Minimum Variance + Context-Weighted Sentiment,KO,0.18391521495738655
2023-12-01,Equity,Minimum Variance + Context-Weighted Sentiment,WMT,0.18078223071097183
2023-12-01,Equity,Minimum Variance + Context-Weighted Sentiment,MRK,0.1015174843214028
2023-12-01,Equity,Minimum Variance + Context-Weighted Sentiment,ABBV,0.08839536539170785
2023-12-01,Equity,Minimum Variance + Context-Weighted Sentiment,O,0.08281047010443315
2023-12-01,Equity,Minimum Variance + Context-Weighted Sentiment,V,0.08073838149207167
2023-12-01,Equity,Minimum Variance + Context-Weighted Sentiment,TMUS,0.06501113498534954
2023-12-01,Equity,Minimum Variance + Context-Weighted Sentiment,EA,0.041442206516527184
2023-12-01,Equity,Minimum Variance + Context-Weighted Sentiment,T,0.03746684543161709
2023-12-01,Equity,Minimum Variance + Context-Weighted Sentiment,OXY,0.026694058145140354
2023-12-01,Equity,Minimum Variance + Context-Weighted Sentiment,CVX,0.025477520532594583
2023-12-01,Equity,Minimum Variance + Context-Weighted Sentiment,ABT,0.020777635911313024
2023-12-01,Equity,Minimum Variance + Context-Weighted Sentiment,NVDA,0.012367350893697624
2023-12-01,Equity,Minimum Variance + Context-Weighted Sentiment,GE,0.011972358790785283
2023-12-01,Equity,Minimum Variance + Context-Weighted Sentiment,NEM,0.010995321258053496
2023-12-01,Equity,Minimum Variance + Context-Weighted Sentiment,AMGN,0.01033030306492489
2023-12-01,Equity,Minimum Variance + Context-Weighted Sentiment,AMD,0.008698496553383263
2023-12-01,Equity,Minimum Variance + Context-Weighted Sentiment,DD,0.0076017123260019295
2023-12-01,Equity,Minimum Variance + Context-Weighted Sentiment,INTC,0.003005908612637882
2023-12-01,Equity,Minimum Variance + Context-Weighted Sentiment,XOM,4.2826000224108094e-18
2023-12-01,Equity,Minimum Variance + Context-Weighted Sentiment,CCI,3.937584364867544e-18
2023-12-01,Equity,Minimum Variance + Context-Weighted Sentiment,SHW,3.469563531572311e-18
2023-12-01,Equity,Minimum Variance + Context-Weighted Sentiment,UPS,2.262322977569068e-18
2023-12-01,Equity,Minimum Variance + Context-Weighted Sentiment,DUK,1.6590806944194168e-18
2023-12-01,Equity,Minimum Variance + Context-Weighted Sentiment,GS,1.4221910591764913e-18
2023-12-01,Equity,Minimum Variance + Context-Weighted Sentiment,CAT,1.2084779579219786e-18
2023-12-01,Equity,Minimum Variance + Context-Weighted Sentiment,AEP,1.0227136090657759e-18
2023-12-01,Equity,Minimum Variance + Context-Weighted Sentiment,MS,1.0187372544758763e-18
2023-12-01,Equity,Minimum Variance + Context-Weighted Sentiment,PSA,9.578076224943967e-19
2023-12-01,Equity,Minimum Variance + Context-Weighted Sentiment,QCOM,7.117773436453969e-19
2023-12-01,Equity,Minimum Variance + Context-Weighted Sentiment,SLB,4.5900433125615375e-19
2023-12-01,Equity,Minimum Variance + Context-Weighted Sentiment,ADBE,0.0
2023-12-01,Equity,Minimum Variance + Context-Weighted Sentiment,AMT,0.0
2023-12-01,Equity,Minimum Variance + Context-Weighted Sentiment,BA,0.0
2023-12-01,Equity,Minimum Variance + Context-Weighted Sentiment,CMCSA,0.0
2023-12-01,Equity,Minimum Variance + Context-Weighted Sentiment,COP,0.0
2023-12-01,Equity,Minimum Variance + Context-Weighted Sentiment,D,0.0
2023-12-01,Equity,Minimum Variance + Context-Weighted Sentiment,DIS,0.0
2023-12-01,Equity,Minimum Variance + Context-Weighted Sentiment,DOW,0.0
2023-12-01,Equity,Minimum Variance + Context-Weighted Sentiment,GILD,0.0
2023-12-01,Equity,Minimum Variance + Context-Weighted Sentiment,MMM,0.0
2023-12-01,Equity,Minimum Variance + Context-Weighted Sentiment,NEE,0.0
2023-12-01,Equity,Minimum Variance + Context-Weighted Sentiment,NKE,0.0
2023-12-01,Equity,Minimum Variance + Context-Weighted Sentiment,NUE,0.0
2023-12-01,Equity,Minimum Variance + Context-Weighted Sentiment,PLD,0.0
2023-12-01,Equity,Minimum Variance + Context-Weighted Sentiment,SBUX,0.0
2023-12-01,Equity,Minimum Variance + Context-Weighted Sentiment,SO,0.0
2023-12-01,Equity,Minimum Variance + Context-Weighted Sentiment,TTWO,0.0
2023-12-01,Equity,Minimum Variance + Context-Weighted Sentiment,USB,0.0
2023-12-01,Equity,Minimum Variance + Context-Weighted Sentiment,WFC,0.0
2023-12-01,Equity,Risk Parity,MRK,0.04159520323597851
2023-12-01,Equity,Risk Parity,ABBV,0.03897076012206168
2023-12-01,Equity,Risk Parity,WMT,0.038147964174060085
2023-12-01,Equity,Risk Parity,TMUS,0.03456426788550859
2023-12-01,Equity,Risk Parity,KO,0.034451223885363175
2023-12-01,Equity,Risk Parity,AMGN,0.027132490909354268
2023-12-01,Equity,Risk Parity,GILD,0.025932997955726636
2023-12-01,Equity,Risk Parity,ABT,0.02501773906228085
2023-12-01,Equity,Risk Parity,T,0.024772535370668577
2023-12-01,Equity,Risk Parity,DUK,0.024685263066546056
2023-12-01,Equity,Risk Parity,V,0.023944244974283605
2023-12-01,Equity,Risk Parity,EA,0.023701697398006424
2023-12-01,Equity,Risk Parity,SO,0.023321870231372298
2023-12-01,Equity,Risk Parity,O,0.022199135019175528
2023-12-01,Equity,Risk Parity,AEP,0.020908789982758726
2023-12-01,Equity,Risk Parity,CVX,0.020614882178955882
2023-12-01,Equity,Risk Parity,NEM,0.020320526115024894
2023-12-01,Equity,Risk Parity,XOM,0.02011682221009611
2023-12-01,Equity,Risk Parity,D,0.01949018610497806
2023-12-01,Equity,Risk Parity,PSA,0.01944100510046638
2023-12-01,Equity,Risk Parity,GE,0.01938318481866801
2023-12-01,Equity,Risk Parity,CMCSA,0.018544071262316764
2023-12-01,Equity,Risk Parity,OXY,0.018122041306752282
2023-12-01,Equity,Risk Parity,NEE,0.01796575947304481
2023-12-01,Equity,Risk Parity,SBUX,0.017632551524890034
2023-12-01,Equity,Risk Parity,TTWO,0.017451213922205607
2023-12-01,Equity,Risk Parity,COP,0.016984442906555663
2023-12-01,Equity,Risk Parity,DOW,0.01677934402481819
2023-12-01,Equity,Risk Parity,SHW,0.016619390948799242
2023-12-01,Equity,Risk Parity,GS,0.016486345035960904
2023-12-01,Equity,Risk Parity,UPS,0.016450316611079853
2023-12-01,Equity,Risk Parity,DD,0.01631537225948852
2023-12-01,Equity,Risk Parity,DIS,0.01594960745783254
2023-12-01,Equity,Risk Parity,WFC,0.01580258085635458
2023-12-01,Equity,Risk Parity,AMT,0.015749058268429265
2023-12-01,Equity,Risk Parity,BA,0.015716536347652917
2023-12-01,Equity,Risk Parity,CAT,0.015684249454638248
2023-12-01,Equity,Risk Parity,SLB,0.015605912225695864
2023-12-01,Equity,Risk Parity,CCI,0.015264941131571485
2023-12-01,Equity,Risk Parity,NKE,0.015242564377558008
2023-12-01,Equity,Risk Parity,MS,0.01517619516052396
2023-12-01,Equity,Risk Parity,INTC,0.014699544436049775
2023-12-01,Equity,Risk Parity,MMM,0.014601383880624449
2023-12-01,Equity,Risk Parity,AMD,0.014420011878216616
2023-12-01,Equity,Risk Parity,ADBE,0.014332170763912275
2023-12-01,Equity,Risk Parity,NVDA,0.013997637373168404
2023-12-01,Equity,Risk Parity,PLD,0.013531476897225956
2023-12-01,Equity,Risk Parity,NUE,0.013063991141419767
2023-12-01,Equity,Risk Parity,QCOM,0.012819190099243746
2023-12-01,Equity,Risk Parity,USB,0.010279309172635963
